{
    "hsa": {
        "4": {
            "random": {
                "pres": {
                    "0.0": [
                        0.4488580274737263,
                        0.4495728678536652,
                        0.4495548900436613,
                        0.44812779925377494,
                        0.4479451427513792,
                        0.4481441273788252,
                        0.44822577995648183,
                        0.44871382099836243,
                        0.4465074034680836,
                        0.445796993256295,
                        0.44635812017191023,
                        0.44522938791249683,
                        0.444952715136216,
                        0.4447413849511076,
                        0.4447466809536108,
                        0.4433889883436023,
                        0.44310979120030136,
                        0.44370355379468573,
                        0.4437867644953701,
                        0.4430087861635959,
                        0.4422067093693032
                    ]
                },
                "comm": {
                    "0.0": [
                        0.3628045015569504,
                        0.36282488755468195,
                        0.36267271491684366,
                        0.36257233852545967,
                        0.3628329261585773,
                        0.36272958460945603,
                        0.3626916351522811,
                        0.3627964288642637,
                        0.3628046675922858,
                        0.3624405303546626,
                        0.36256477085466904,
                        0.3621550831611322,
                        0.3624729674540631,
                        0.3626128170307589,
                        0.36260937868480736,
                        0.3628060434562501,
                        0.36270435613078844,
                        0.3625366330115366,
                        0.3621311603739189,
                        0.36191249673921977,
                        0.36184454100716223
                    ]
                }
            }
        }
    }
}